char,tex,pos,size,pos_off,pos_add,offset
 ,0,"(0, 0)","(15, 15)","(14, 14)","(0, 0)",20
/,0,"(15, 0)","(15, 15)","(14, 14)","(0, 0)",20
0,0,"(30, 0)","(15, 15)","(14, 14)","(0, 0)",20
1,0,"(45, 0)","(15, 15)","(14, 14)","(0, 0)",20
2,0,"(60, 0)","(15, 15)","(14, 14)","(0, 0)",20
3,0,"(75, 0)","(15, 15)","(14, 14)","(0, 0)",20
4,0,"(90, 0)","(15, 15)","(14, 14)","(0, 0)",20
5,0,"(105, 0)","(15, 15)","(14, 14)","(0, 0)",20
6,0,"(120, 0)","(15, 15)","(14, 14)","(0, 0)",20
7,0,"(135, 0)","(15, 15)","(14, 14)","(0, 0)",20
9,0,"(150, 0)","(15, 15)","(14, 14)","(0, 0)",20
<,0,"(165, 0)","(15, 15)","(14, 14)","(0, 0)",20
>,0,"(180, 0)","(15, 15)","(14, 14)","(0, 0)",20
A,0,"(195, 0)","(15, 15)","(14, 14)","(0, 0)",20
B,0,"(210, 0)","(15, 15)","(14, 14)","(0, 0)",20
C,0,"(225, 0)","(15, 15)","(14, 14)","(0, 0)",20
D,0,"(240, 0)","(15, 15)","(14, 14)","(0, 0)",20
E,0,"(255, 0)","(15, 15)","(14, 14)","(0, 0)",20
F,0,"(270, 0)","(15, 15)","(14, 14)","(0, 0)",20
G,0,"(285, 0)","(15, 15)","(14, 14)","(0, 0)",20
H,0,"(300, 0)","(15, 15)","(14, 14)","(0, 0)",20
I,0,"(315, 0)","(15, 15)","(14, 14)","(0, 0)",20
J,0,"(330, 0)","(15, 15)","(14, 14)","(0, 0)",20
K,0,"(345, 0)","(15, 15)","(14, 14)","(0, 0)",20
L,0,"(360, 0)","(15, 15)","(14, 14)","(0, 0)",20
M,0,"(375, 0)","(15, 15)","(14, 14)","(0, 0)",20
N,0,"(390, 0)","(15, 15)","(14, 14)","(0, 0)",20
O,0,"(405, 0)","(15, 15)","(14, 14)","(0, 0)",20
P,0,"(420, 0)","(15, 15)","(14, 14)","(0, 0)",20
R,0,"(435, 0)","(15, 15)","(14, 14)","(0, 0)",20
S,0,"(450, 0)","(15, 15)","(14, 14)","(0, 0)",20
T,0,"(465, 0)","(15, 15)","(14, 14)","(0, 0)",20
U,0,"(480, 0)","(15, 15)","(14, 14)","(0, 0)",20
V,0,"(495, 0)","(15, 15)","(14, 14)","(0, 0)",20
W,0,"(0, 15)","(15, 15)","(14, 14)","(0, 0)",20
X,0,"(15, 15)","(15, 15)","(14, 14)","(0, 0)",20
Y,0,"(30, 15)","(15, 15)","(14, 14)","(0, 0)",20
Z,0,"(45, 15)","(15, 15)","(14, 14)","(0, 0)",20
_,0,"(60, 15)","(15, 15)","(14, 14)","(0, 0)",20
a,0,"(75, 15)","(15, 15)","(14, 14)","(0, 0)",20
d,0,"(90, 15)","(15, 15)","(14, 14)","(0, 0)",20
e,0,"(105, 15)","(15, 15)","(14, 14)","(0, 0)",20
g,0,"(120, 15)","(15, 15)","(14, 14)","(0, 0)",20
i,0,"(135, 15)","(15, 15)","(14, 14)","(0, 0)",20
l,0,"(150, 15)","(15, 15)","(14, 14)","(0, 0)",20
n,0,"(165, 15)","(15, 15)","(14, 14)","(0, 0)",20
s,0,"(180, 15)","(15, 15)","(14, 14)","(0, 0)",20
v,0,"(195, 15)","(15, 15)","(14, 14)","(0, 0)",20
※,0,"(210, 15)","(15, 15)","(14, 14)","(0, 0)",20
→,0,"(225, 15)","(15, 15)","(14, 14)","(0, 0)",20
　,0,"(240, 15)","(15, 15)","(14, 14)","(0, 0)",20
。,0,"(255, 15)","(15, 15)","(14, 14)","(0, 0)",20
〈,0,"(270, 15)","(15, 15)","(14, 14)","(0, 0)",20
〉,0,"(285, 15)","(15, 15)","(14, 14)","(0, 0)",20
「,0,"(300, 15)","(15, 15)","(14, 14)","(0, 0)",20
」,0,"(315, 15)","(15, 15)","(14, 14)","(0, 0)",20
『,0,"(330, 15)","(15, 15)","(14, 14)","(0, 0)",20
』,0,"(345, 15)","(15, 15)","(14, 14)","(0, 0)",20
【,0,"(360, 15)","(15, 15)","(14, 14)","(0, 0)",20
】,0,"(375, 15)","(15, 15)","(14, 14)","(0, 0)",20
い,0,"(390, 15)","(14, 13)","(14, 14)","(1, 1)",20
え,0,"(404, 15)","(14, 14)","(14, 14)","(0, 1)",20
き,0,"(418, 15)","(14, 15)","(14, 14)","(0, 1)",20
く,0,"(432, 15)","(11, 14)","(14, 14)","(2, 1)",20
ぐ,0,"(443, 15)","(13, 14)","(14, 14)","(2, 1)",20
け,0,"(456, 15)","(14, 14)","(14, 14)","(0, 1)",20
さ,0,"(470, 15)","(14, 15)","(14, 14)","(0, 1)",20
し,0,"(484, 15)","(12, 14)","(14, 14)","(3, 1)",20
す,0,"(496, 15)","(15, 15)","(14, 14)","(0, 1)",20
つ,0,"(0, 30)","(15, 12)","(14, 14)","(0, 3)",20
で,0,"(15, 30)","(15, 13)","(14, 14)","(0, 2)",20
と,0,"(30, 30)","(12, 14)","(14, 14)","(1, 1)",20
ど,0,"(42, 30)","(13, 15)","(14, 14)","(1, 0)",20
に,0,"(55, 30)","(14, 13)","(14, 14)","(1, 2)",20
は,0,"(69, 30)","(15, 14)","(14, 14)","(0, 1)",20
ぶ,0,"(84, 30)","(15, 14)","(14, 14)","(0, 1)",20
べ,0,"(99, 30)","(15, 12)","(14, 14)","(0, 1)",20
め,0,"(114, 30)","(15, 14)","(14, 14)","(0, 1)",20
も,0,"(129, 30)","(14, 14)","(14, 14)","(0, 1)",20
や,0,"(143, 30)","(15, 15)","(14, 14)","(0, 1)",20
ゆ,0,"(158, 30)","(15, 14)","(14, 14)","(0, 1)",20
る,0,"(173, 30)","(14, 14)","(14, 14)","(0, 1)",20
わ,0,"(187, 30)","(15, 14)","(14, 14)","(0, 1)",20
を,0,"(202, 30)","(14, 15)","(14, 14)","(0, 1)",20
イ,0,"(216, 30)","(13, 14)","(14, 14)","(1, 1)",20
ウ,0,"(229, 30)","(14, 14)","(14, 14)","(1, 1)",20
キ,0,"(243, 30)","(14, 15)","(14, 14)","(1, 1)",20
ク,0,"(257, 30)","(14, 14)","(14, 14)","(1, 1)",20
グ,0,"(271, 30)","(15, 15)","(14, 14)","(1, 0)",20
コ,0,"(286, 30)","(14, 12)","(14, 14)","(1, 2)",20
ジ,0,"(300, 30)","(15, 15)","(14, 14)","(0, 0)",20
ス,0,"(315, 30)","(14, 14)","(14, 14)","(0, 1)",20
セ,0,"(329, 30)","(14, 14)","(14, 14)","(1, 1)",20
タ,0,"(343, 30)","(14, 15)","(14, 14)","(1, 1)",20
ダ,0,"(357, 30)","(15, 15)","(14, 14)","(1, 0)",20
ッ,0,"(372, 30)","(13, 12)","(14, 14)","(1, 3)",20
ツ,0,"(385, 30)","(15, 14)","(14, 14)","(0, 1)",20
テ,0,"(400, 30)","(14, 14)","(14, 14)","(0, 1)",20
ト,0,"(414, 30)","(13, 15)","(14, 14)","(2, 1)",20
ド,0,"(427, 30)","(13, 15)","(14, 14)","(2, 1)",20
バ,0,"(440, 30)","(15, 15)","(14, 14)","(0, 0)",20
ペ,0,"(455, 30)","(15, 15)","(14, 14)","(0, 0)",20
ャ,0,"(470, 30)","(13, 13)","(14, 14)","(1, 2)",20
ラ,0,"(483, 30)","(14, 15)","(14, 14)","(1, 1)",20
ル,0,"(497, 30)","(15, 15)","(14, 14)","(0, 1)",20
ロ,0,"(0, 45)","(14, 13)","(14, 14)","(1, 1)",20
ン,0,"(14, 45)","(14, 14)","(14, 14)","(1, 1)",20
・,0,"(28, 45)","(15, 15)","(14, 14)","(0, 0)",20
ー,0,"(43, 45)","(14, 3)","(14, 14)","(1, 6)",20
一,0,"(57, 45)","(15, 15)","(14, 14)","(0, 0)",20
上,0,"(72, 45)","(15, 15)","(14, 14)","(0, 0)",20
下,0,"(87, 45)","(15, 15)","(14, 14)","(0, 0)",20
不,0,"(102, 45)","(15, 15)","(14, 14)","(0, 0)",20
个,0,"(117, 45)","(15, 15)","(14, 14)","(0, 0)",20
中,0,"(132, 45)","(15, 15)","(14, 14)","(0, 0)",20
为,0,"(147, 45)","(15, 15)","(14, 14)","(0, 0)",20
主,0,"(162, 45)","(15, 15)","(14, 14)","(0, 0)",20
举,0,"(177, 45)","(15, 15)","(14, 14)","(0, 0)",20
之,0,"(192, 45)","(15, 15)","(14, 14)","(0, 0)",20
也,0,"(207, 45)","(15, 15)","(14, 14)","(0, 0)",20
买,0,"(222, 45)","(15, 15)","(14, 14)","(0, 0)",20
了,0,"(237, 45)","(15, 15)","(14, 14)","(0, 0)",20
于,0,"(252, 45)","(15, 15)","(14, 14)","(0, 0)",20
人,0,"(267, 45)","(15, 15)","(14, 14)","(0, 0)",20
介,0,"(282, 45)","(15, 15)","(14, 14)","(0, 0)",20
从,0,"(297, 45)","(15, 15)","(14, 14)","(0, 0)",20
他,0,"(312, 45)","(15, 15)","(14, 14)","(0, 0)",20
付,0,"(327, 45)","(15, 15)","(14, 14)","(0, 0)",20
以,0,"(342, 45)","(15, 15)","(14, 14)","(0, 0)",20
仮,0,"(357, 45)","(15, 15)","(14, 14)","(0, 0)",20
会,0,"(372, 45)","(15, 15)","(14, 14)","(0, 0)",20
传,0,"(387, 45)","(15, 15)","(14, 14)","(0, 0)",20
位,0,"(402, 45)","(15, 15)","(14, 14)","(0, 0)",20
体,0,"(417, 45)","(15, 15)","(14, 14)","(0, 0)",20
使,0,"(432, 45)","(15, 15)","(14, 14)","(0, 0)",20
保,0,"(447, 45)","(15, 15)","(14, 14)","(0, 0)",20
信,0,"(462, 45)","(15, 15)","(14, 14)","(0, 0)",20
停,0,"(477, 45)","(15, 15)","(14, 14)","(0, 0)",20
光,0,"(492, 45)","(15, 15)","(14, 14)","(0, 0)",20
克,0,"(0, 60)","(15, 15)","(14, 14)","(0, 0)",20
免,0,"(15, 60)","(15, 15)","(14, 14)","(0, 0)",20
入,0,"(30, 60)","(15, 15)","(14, 14)","(0, 0)",20
关,0,"(45, 60)","(15, 15)","(14, 14)","(0, 0)",20
其,0,"(60, 60)","(15, 15)","(14, 14)","(0, 0)",20
具,0,"(75, 60)","(15, 15)","(14, 14)","(0, 0)",20
内,0,"(90, 60)","(15, 15)","(14, 14)","(0, 0)",20
再,0,"(105, 60)","(15, 15)","(14, 14)","(0, 0)",20
写,0,"(120, 60)","(15, 15)","(14, 14)","(0, 0)",20
况,0,"(135, 60)","(15, 15)","(14, 14)","(0, 0)",20
出,0,"(150, 60)","(15, 15)","(14, 14)","(0, 0)",20
击,0,"(165, 60)","(15, 15)","(14, 14)","(0, 0)",20
切,0,"(180, 60)","(15, 15)","(14, 14)","(0, 0)",20
划,0,"(195, 60)","(15, 15)","(14, 14)","(0, 0)",20
初,0,"(210, 60)","(15, 15)","(14, 14)","(0, 0)",20
删,0,"(225, 60)","(15, 15)","(14, 14)","(0, 0)",20
判,0,"(240, 60)","(15, 15)","(14, 14)","(0, 0)",20
别,0,"(255, 60)","(15, 15)","(14, 14)","(0, 0)",20
到,0,"(270, 60)","(15, 15)","(14, 14)","(0, 0)",20
制,0,"(285, 60)","(15, 15)","(14, 14)","(0, 0)",20
剧,0,"(300, 60)","(15, 15)","(14, 14)","(0, 0)",20
功,0,"(315, 60)","(15, 15)","(14, 14)","(0, 0)",20
加,0,"(330, 60)","(15, 15)","(14, 14)","(0, 0)",20
动,0,"(345, 60)","(15, 15)","(14, 14)","(0, 0)",20
包,0,"(360, 60)","(15, 15)","(14, 14)","(0, 0)",20
化,0,"(375, 60)","(15, 15)","(14, 14)","(0, 0)",20
单,0,"(390, 60)","(15, 15)","(14, 14)","(0, 0)",20
卡,0,"(405, 60)","(15, 15)","(14, 14)","(0, 0)",20
即,0,"(420, 60)","(15, 15)","(14, 14)","(0, 0)",20
发,0,"(435, 60)","(15, 15)","(14, 14)","(0, 0)",20
取,0,"(450, 60)","(15, 15)","(14, 14)","(0, 0)",20
受,0,"(465, 60)","(15, 15)","(14, 14)","(0, 0)",20
可,0,"(480, 60)","(15, 15)","(14, 14)","(0, 0)",20
合,0,"(495, 60)","(15, 15)","(14, 14)","(0, 0)",20
同,0,"(0, 75)","(15, 15)","(14, 14)","(0, 0)",20
后,0,"(15, 75)","(15, 15)","(14, 14)","(0, 0)",20
吗,0,"(30, 75)","(15, 15)","(14, 14)","(0, 0)",20
否,0,"(45, 75)","(15, 15)","(14, 14)","(0, 0)",20
含,0,"(60, 75)","(15, 15)","(14, 14)","(0, 0)",20
启,0,"(75, 75)","(15, 15)","(14, 14)","(0, 0)",20
告,0,"(90, 75)","(15, 15)","(14, 14)","(0, 0)",20
呵,0,"(105, 75)","(15, 15)","(14, 14)","(0, 0)",20
售,0,"(120, 75)","(15, 15)","(14, 14)","(0, 0)",20
商,0,"(135, 75)","(15, 15)","(14, 14)","(0, 0)",20
回,0,"(150, 75)","(15, 15)","(14, 14)","(0, 0)",20
因,0,"(165, 75)","(15, 15)","(14, 14)","(0, 0)",20
国,0,"(180, 75)","(15, 15)","(14, 14)","(0, 0)",20
在,0,"(195, 75)","(15, 15)","(14, 14)","(0, 0)",20
地,0,"(210, 75)","(15, 15)","(14, 14)","(0, 0)",20
堂,0,"(225, 75)","(15, 15)","(14, 14)","(0, 0)",20
增,0,"(240, 75)","(15, 15)","(14, 14)","(0, 0)",20
处,0,"(255, 75)","(15, 15)","(14, 14)","(0, 0)",20
复,0,"(270, 75)","(15, 15)","(14, 14)","(0, 0)",20
夏,0,"(285, 75)","(15, 15)","(14, 14)","(0, 0)",20
够,0,"(300, 75)","(15, 15)","(14, 14)","(0, 0)",20
大,0,"(315, 75)","(15, 15)","(14, 14)","(0, 0)",20
失,0,"(330, 75)","(15, 15)","(14, 14)","(0, 0)",20
始,0,"(345, 75)","(15, 15)","(14, 14)","(0, 0)",20
字,0,"(360, 75)","(15, 15)","(14, 14)","(0, 0)",20
存,0,"(375, 75)","(15, 15)","(14, 14)","(0, 0)",20
季,0,"(390, 75)","(15, 15)","(14, 14)","(0, 0)",20
完,0,"(405, 75)","(15, 15)","(14, 14)","(0, 0)",20
官,0,"(420, 75)","(15, 15)","(14, 14)","(0, 0)",20
定,0,"(435, 75)","(15, 15)","(14, 14)","(0, 0)",20
宣,0,"(450, 75)","(15, 15)","(14, 14)","(0, 0)",20
容,0,"(465, 75)","(15, 15)","(14, 14)","(0, 0)",20
对,0,"(480, 75)","(15, 15)","(14, 14)","(0, 0)",20
寿,0,"(495, 75)","(15, 15)","(14, 14)","(0, 0)",20
将,0,"(0, 90)","(15, 15)","(14, 14)","(0, 0)",20
尔,0,"(15, 90)","(15, 15)","(14, 14)","(0, 0)",20
就,0,"(30, 90)","(15, 15)","(14, 14)","(0, 0)",20
帝,0,"(45, 90)","(15, 15)","(14, 14)","(0, 0)",20
并,0,"(60, 90)","(15, 15)","(14, 14)","(0, 0)",20
广,0,"(75, 90)","(15, 15)","(14, 14)","(0, 0)",20
应,0,"(90, 90)","(15, 15)","(14, 14)","(0, 0)",20
店,0,"(105, 90)","(15, 15)","(14, 14)","(0, 0)",20
庭,0,"(120, 90)","(15, 15)","(14, 14)","(0, 0)",20
开,0,"(135, 90)","(15, 15)","(14, 14)","(0, 0)",20
式,0,"(150, 90)","(15, 15)","(14, 14)","(0, 0)",20
录,0,"(165, 90)","(15, 15)","(14, 14)","(0, 0)",20
待,0,"(180, 90)","(15, 15)","(14, 14)","(0, 0)",20
得,0,"(195, 90)","(15, 15)","(14, 14)","(0, 0)",20
御,0,"(210, 90)","(15, 15)","(14, 14)","(0, 0)",20
必,0,"(225, 90)","(15, 15)","(14, 14)","(0, 0)",20
快,0,"(240, 90)","(15, 15)","(14, 14)","(0, 0)",20
态,0,"(255, 90)","(15, 15)","(14, 14)","(0, 0)",20
情,0,"(270, 90)","(15, 15)","(14, 14)","(0, 0)",20
意,0,"(285, 90)","(15, 15)","(14, 14)","(0, 0)",20
戏,0,"(300, 90)","(15, 15)","(14, 14)","(0, 0)",20
成,0,"(315, 90)","(15, 15)","(14, 14)","(0, 0)",20
或,0,"(330, 90)","(15, 15)","(14, 14)","(0, 0)",20
所,0,"(345, 90)","(15, 15)","(14, 14)","(0, 0)",20
找,0,"(360, 90)","(15, 15)","(14, 14)","(0, 0)",20
护,0,"(375, 90)","(15, 15)","(14, 14)","(0, 0)",20
报,0,"(390, 90)","(15, 15)","(14, 14)","(0, 0)",20
择,0,"(405, 90)","(15, 15)","(14, 14)","(0, 0)",20
损,0,"(420, 90)","(15, 15)","(14, 14)","(0, 0)",20
换,0,"(435, 90)","(15, 15)","(14, 14)","(0, 0)",20
据,0,"(450, 90)","(15, 15)","(14, 14)","(0, 0)",20
探,0,"(465, 90)","(15, 15)","(14, 14)","(0, 0)",20
接,0,"(480, 90)","(15, 15)","(14, 14)","(0, 0)",20
推,0,"(495, 90)","(15, 15)","(14, 14)","(0, 0)",20
插,0,"(0, 105)","(15, 15)","(14, 14)","(0, 0)",20
摩,0,"(15, 105)","(15, 15)","(14, 14)","(0, 0)",20
播,0,"(30, 105)","(15, 15)","(14, 14)","(0, 0)",20
收,0,"(45, 105)","(15, 15)","(14, 14)","(0, 0)",20
攻,0,"(60, 105)","(15, 15)","(14, 14)","(0, 0)",20
放,0,"(75, 105)","(15, 15)","(14, 14)","(0, 0)",20
数,0,"(90, 105)","(15, 15)","(14, 14)","(0, 0)",20
文,0,"(105, 105)","(15, 15)","(14, 14)","(0, 0)",20
断,0,"(120, 105)","(15, 15)","(14, 14)","(0, 0)",20
斯,0,"(135, 105)","(15, 15)","(14, 14)","(0, 0)",20
新,0,"(150, 105)","(15, 15)","(14, 14)","(0, 0)",20
旋,0,"(165, 105)","(15, 15)","(14, 14)","(0, 0)",20
无,0,"(180, 105)","(15, 15)","(14, 14)","(0, 0)",20
日,0,"(195, 105)","(15, 15)","(14, 14)","(0, 0)",20
旦,0,"(210, 105)","(15, 15)","(14, 14)","(0, 0)",20
时,0,"(225, 105)","(15, 15)","(14, 14)","(0, 0)",20
是,0,"(240, 105)","(15, 15)","(14, 14)","(0, 0)",20
显,0,"(255, 105)","(15, 15)","(14, 14)","(0, 0)",20
替,0,"(270, 105)","(15, 15)","(14, 14)","(0, 0)",20
最,0,"(285, 105)","(15, 15)","(14, 14)","(0, 0)",20
有,0,"(300, 105)","(15, 15)","(14, 14)","(0, 0)",20
未,0,"(315, 105)","(15, 15)","(14, 14)","(0, 0)",20
本,0,"(330, 105)","(15, 15)","(14, 14)","(0, 0)",20
机,0,"(345, 105)","(15, 15)","(14, 14)","(0, 0)",20
束,0,"(360, 105)","(15, 15)","(14, 14)","(0, 0)",20
查,0,"(375, 105)","(15, 15)","(14, 14)","(0, 0)",20
标,0,"(390, 105)","(15, 15)","(14, 14)","(0, 0)",20
档,0,"(405, 105)","(15, 15)","(14, 14)","(0, 0)",20
次,0,"(420, 105)","(15, 15)","(14, 14)","(0, 0)",20
止,0,"(435, 105)","(15, 15)","(14, 14)","(0, 0)",20
正,0,"(450, 105)","(15, 15)","(14, 14)","(0, 0)",20
此,0,"(465, 105)","(15, 15)","(14, 14)","(0, 0)",20
步,0,"(480, 105)","(15, 15)","(14, 14)","(0, 0)",20
毕,0,"(495, 105)","(15, 15)","(14, 14)","(0, 0)",20
沙,0,"(0, 120)","(15, 15)","(14, 14)","(0, 0)",20
没,0,"(15, 120)","(15, 15)","(14, 14)","(0, 0)",20
法,0,"(30, 120)","(15, 15)","(14, 14)","(0, 0)",20
洛,0,"(45, 120)","(15, 15)","(14, 14)","(0, 0)",20
消,0,"(60, 120)","(15, 15)","(14, 14)","(0, 0)",20
游,0,"(75, 120)","(15, 15)","(14, 14)","(0, 0)",20
源,0,"(90, 120)","(15, 15)","(14, 14)","(0, 0)",20
点,0,"(105, 120)","(15, 15)","(14, 14)","(0, 0)",20
版,0,"(120, 120)","(15, 15)","(14, 14)","(0, 0)",20
物,0,"(135, 120)","(15, 15)","(14, 14)","(0, 0)",20
状,0,"(150, 120)","(15, 15)","(14, 14)","(0, 0)",20
环,0,"(165, 120)","(15, 15)","(14, 14)","(0, 0)",20
现,0,"(180, 120)","(15, 15)","(14, 14)","(0, 0)",20
理,0,"(195, 120)","(15, 15)","(14, 14)","(0, 0)",20
琴,0,"(210, 120)","(15, 15)","(14, 14)","(0, 0)",20
生,0,"(225, 120)","(15, 15)","(14, 14)","(0, 0)",20
用,0,"(240, 120)","(15, 15)","(14, 14)","(0, 0)",20
由,0,"(255, 120)","(15, 15)","(14, 14)","(0, 0)",20
电,0,"(270, 120)","(15, 15)","(14, 14)","(0, 0)",20
画,0,"(285, 120)","(15, 15)","(14, 14)","(0, 0)",20
登,0,"(300, 120)","(15, 15)","(14, 14)","(0, 0)",20
的,0,"(315, 120)","(15, 15)","(14, 14)","(0, 0)",20
监,0,"(330, 120)","(15, 15)","(14, 14)","(0, 0)",20
盖,0,"(345, 120)","(15, 15)","(14, 14)","(0, 0)",20
目,0,"(360, 120)","(15, 15)","(14, 14)","(0, 0)",20
盾,0,"(375, 120)","(15, 15)","(14, 14)","(0, 0)",20
看,0,"(390, 120)","(15, 15)","(14, 14)","(0, 0)",20
矛,0,"(405, 120)","(15, 15)","(14, 14)","(0, 0)",20
知,0,"(420, 120)","(15, 15)","(14, 14)","(0, 0)",20
码,0,"(435, 120)","(15, 15)","(14, 14)","(0, 0)",20
破,0,"(450, 120)","(15, 15)","(14, 14)","(0, 0)",20
确,0,"(465, 120)","(15, 15)","(14, 14)","(0, 0)",20
示,0,"(480, 120)","(15, 15)","(14, 14)","(0, 0)",20
票,0,"(495, 120)","(15, 15)","(14, 14)","(0, 0)",20
禁,0,"(0, 135)","(15, 15)","(14, 14)","(0, 0)",20
福,0,"(15, 135)","(15, 15)","(14, 14)","(0, 0)",20
离,0,"(30, 135)","(15, 15)","(14, 14)","(0, 0)",20
移,0,"(45, 135)","(15, 15)","(14, 14)","(0, 0)",20
究,0,"(60, 135)","(15, 15)","(14, 14)","(0, 0)",20
空,0,"(75, 135)","(15, 15)","(14, 14)","(0, 0)",20
穿,0,"(90, 135)","(15, 15)","(14, 14)","(0, 0)",20
章,0,"(105, 135)","(15, 15)","(14, 14)","(0, 0)",20
篇,0,"(120, 135)","(15, 15)","(14, 14)","(0, 0)",20
系,0,"(135, 135)","(15, 15)","(14, 14)","(0, 0)",20
约,0,"(150, 135)","(15, 15)","(14, 14)","(0, 0)",20
组,0,"(165, 135)","(15, 15)","(14, 14)","(0, 0)",20
细,0,"(180, 135)","(15, 15)","(14, 14)","(0, 0)",20
结,0,"(195, 135)","(15, 15)","(14, 14)","(0, 0)",20
络,0,"(210, 135)","(15, 15)","(14, 14)","(0, 0)",20
继,0,"(225, 135)","(15, 15)","(14, 14)","(0, 0)",20
续,0,"(240, 135)","(15, 15)","(14, 14)","(0, 0)",20
网,0,"(255, 135)","(15, 15)","(14, 14)","(0, 0)",20
置,0,"(270, 135)","(15, 15)","(14, 14)","(0, 0)",20
羽,0,"(285, 135)","(15, 15)","(14, 14)","(0, 0)",20
能,0,"(300, 135)","(15, 15)","(14, 14)","(0, 0)",20
节,0,"(315, 135)","(15, 15)","(14, 14)","(0, 0)",20
英,0,"(330, 135)","(15, 15)","(14, 14)","(0, 0)",20
获,0,"(345, 135)","(15, 15)","(14, 14)","(0, 0)",20
菜,0,"(360, 135)","(15, 15)","(14, 14)","(0, 0)",20
行,0,"(375, 135)","(15, 15)","(14, 14)","(0, 0)",20
被,0,"(390, 135)","(15, 15)","(14, 14)","(0, 0)",20
裁,0,"(405, 135)","(15, 15)","(14, 14)","(0, 0)",20
装,0,"(420, 135)","(15, 15)","(14, 14)","(0, 0)",20
要,0,"(435, 135)","(15, 15)","(14, 14)","(0, 0)",20
覆,0,"(450, 135)","(15, 15)","(14, 14)","(0, 0)",20
规,0,"(465, 135)","(15, 15)","(14, 14)","(0, 0)",20
视,0,"(480, 135)","(15, 15)","(14, 14)","(0, 0)",20
览,0,"(495, 135)","(15, 15)","(14, 14)","(0, 0)",20
角,0,"(0, 150)","(15, 15)","(14, 14)","(0, 0)",20
解,0,"(15, 150)","(15, 15)","(14, 14)","(0, 0)",20
计,0,"(30, 150)","(15, 15)","(14, 14)","(0, 0)",20
认,0,"(45, 150)","(15, 15)","(14, 14)","(0, 0)",20
讨,0,"(60, 150)","(15, 15)","(14, 14)","(0, 0)",20
记,0,"(75, 150)","(15, 15)","(14, 14)","(0, 0)",20
设,0,"(90, 150)","(15, 15)","(14, 14)","(0, 0)",20
证,0,"(105, 150)","(15, 15)","(14, 14)","(0, 0)",20
识,0,"(120, 150)","(15, 15)","(14, 14)","(0, 0)",20
试,0,"(135, 150)","(15, 15)","(14, 14)","(0, 0)",20
话,0,"(150, 150)","(15, 15)","(14, 14)","(0, 0)",20
该,0,"(165, 150)","(15, 15)","(14, 14)","(0, 0)",20
详,0,"(180, 150)","(15, 15)","(14, 14)","(0, 0)",20
说,0,"(195, 150)","(15, 15)","(14, 14)","(0, 0)",20
请,0,"(210, 150)","(15, 15)","(14, 14)","(0, 0)",20
读,0,"(225, 150)","(15, 15)","(14, 14)","(0, 0)",20
调,0,"(240, 150)","(15, 15)","(14, 14)","(0, 0)",20
败,0,"(255, 150)","(15, 15)","(14, 14)","(0, 0)",20
购,0,"(270, 150)","(15, 15)","(14, 14)","(0, 0)",20
费,0,"(285, 150)","(15, 15)","(14, 14)","(0, 0)",20
足,0,"(300, 150)","(15, 15)","(14, 14)","(0, 0)",20
跳,0,"(315, 150)","(15, 15)","(14, 14)","(0, 0)",20
转,0,"(330, 150)","(15, 15)","(14, 14)","(0, 0)",20
载,0,"(345, 150)","(15, 15)","(14, 14)","(0, 0)",20
输,0,"(360, 150)","(15, 15)","(14, 14)","(0, 0)",20
过,0,"(375, 150)","(15, 15)","(14, 14)","(0, 0)",20
返,0,"(390, 150)","(15, 15)","(14, 14)","(0, 0)",20
还,0,"(405, 150)","(15, 15)","(14, 14)","(0, 0)",20
这,0,"(420, 150)","(15, 15)","(14, 14)","(0, 0)",20
进,0,"(435, 150)","(15, 15)","(14, 14)","(0, 0)",20
连,0,"(450, 150)","(15, 15)","(14, 14)","(0, 0)",20
述,0,"(465, 150)","(15, 15)","(14, 14)","(0, 0)",20
追,0,"(480, 150)","(15, 15)","(14, 14)","(0, 0)",20
逆,0,"(495, 150)","(15, 15)","(14, 14)","(0, 0)",20
选,0,"(0, 165)","(15, 15)","(14, 14)","(0, 0)",20
通,0,"(15, 165)","(15, 15)","(14, 14)","(0, 0)",20
速,0,"(30, 165)","(15, 15)","(14, 14)","(0, 0)",20
逼,0,"(45, 165)","(15, 15)","(14, 14)","(0, 0)",20
道,0,"(60, 165)","(15, 15)","(14, 14)","(0, 0)",20
都,0,"(75, 165)","(15, 15)","(14, 14)","(0, 0)",20
配,0,"(90, 165)","(15, 15)","(14, 14)","(0, 0)",20
重,0,"(105, 165)","(15, 15)","(14, 14)","(0, 0)",20
量,0,"(120, 165)","(15, 15)","(14, 14)","(0, 0)",20
锁,0,"(135, 165)","(15, 15)","(14, 14)","(0, 0)",20
镜,0,"(150, 165)","(15, 15)","(14, 14)","(0, 0)",20
闭,0,"(165, 165)","(15, 15)","(14, 14)","(0, 0)",20
问,0,"(180, 165)","(15, 15)","(14, 14)","(0, 0)",20
间,0,"(195, 165)","(15, 15)","(14, 14)","(0, 0)",20
附,0,"(210, 165)","(15, 15)","(14, 14)","(0, 0)",20
限,0,"(225, 165)","(15, 15)","(14, 14)","(0, 0)",20
除,0,"(240, 165)","(15, 15)","(14, 14)","(0, 0)",20
随,0,"(255, 165)","(15, 15)","(14, 14)","(0, 0)",20
需,0,"(270, 165)","(15, 15)","(14, 14)","(0, 0)",20
非,0,"(285, 165)","(15, 15)","(14, 14)","(0, 0)",20
面,0,"(300, 165)","(15, 15)","(14, 14)","(0, 0)",20
须,0,"(315, 165)","(15, 15)","(14, 14)","(0, 0)",20
预,0,"(330, 165)","(15, 15)","(14, 14)","(0, 0)",20
题,0,"(345, 165)","(15, 15)","(14, 14)","(0, 0)",20
验,0,"(360, 165)","(15, 15)","(14, 14)","(0, 0)",20
龙,0,"(375, 165)","(15, 15)","(14, 14)","(0, 0)",20
！,0,"(390, 165)","(15, 15)","(14, 14)","(0, 0)",20
（,0,"(405, 165)","(15, 15)","(14, 14)","(0, 0)",20
）,0,"(420, 165)","(15, 15)","(14, 14)","(0, 0)",20
，,0,"(435, 165)","(15, 15)","(14, 14)","(0, 0)",20
／,0,"(450, 165)","(15, 15)","(14, 14)","(0, 0)",20
２,0,"(465, 165)","(15, 15)","(14, 14)","(0, 0)",20
：,0,"(480, 165)","(15, 15)","(14, 14)","(0, 0)",20
？,0,"(495, 165)","(15, 15)","(14, 14)","(0, 0)",20
Ｃ,0,"(0, 180)","(15, 15)","(14, 14)","(0, 0)",20
Ｄ,0,"(15, 180)","(15, 15)","(14, 14)","(0, 0)",20
Ｌ,0,"(30, 180)","(15, 15)","(14, 14)","(0, 0)",20
Ｓ,0,"(45, 180)","(15, 15)","(14, 14)","(0, 0)",20
